{
  "kind": "platt",
  "a": 0.7386137843132019,
  "b": -0.34071943163871765
}
